<edmx:Edmx xmlns:edmx="http://schemas.microsoft.com/ado/2007/06/edmx"
	xmlns:m="http://schemas.microsoft.com/ado/2007/08/dataservices/metadata" xmlns:sap="http://www.sap.com/Protocols/SAPData" Version="1.0">
	<edmx:DataServices m:DataServiceVersion="2.0">
		<Schema xmlns="http://schemas.microsoft.com/ado/2008/09/edm" Namespace="/AVELON/BORV_UI5_SRV" xml:lang="en" sap:schema-version="1">
			<EntityType Name="BOR" sap:content-version="1">
				<Key><PropertyRef Name="Instid"/><PropertyRef Name="Typeid"/><PropertyRef Name="Catid"/></Key><Property Name="Instid" Type="Edm.String" Nullable="false" MaxLength="70" sap:unicode="false" sap:label="Instance ID" sap:creatable="false"
					sap:updatable="false" sap:sortable="false" sap:filterable="false"/><Property Name="Typeid" Type="Edm.String" Nullable="false" MaxLength="32" sap:unicode="false" sap:label="Object Type" sap:creatable="false"
					sap:updatable="false" sap:sortable="false" sap:filterable="false"/><Property Name="Catid" Type="Edm.String" Nullable="false" MaxLength="2" sap:unicode="false" sap:label="Object Category"
					sap:creatable="false" sap:updatable="false" sap:sortable="false" sap:filterable="false"/><Property Name="NodeName" Type="Edm.String" Nullable="false" sap:unicode="false" sap:label="Name" sap:creatable="false"
					sap:updatable="false" sap:sortable="false" sap:filterable="false"/><Property Name="NodeValue" Type="Edm.String" Nullable="false" sap:unicode="false" sap:label="Value" sap:creatable="false"
					sap:updatable="false" sap:sortable="false" sap:filterable="false"/><Property Name="NaviUrl" Type="Edm.String" sap:unicode="false" sap:label="URL (As Specified by Browser)" sap:creatable="false"
					sap:updatable="false" sap:sortable="false" sap:filterable="false"/><Property Name="CreationDate" Type="Edm.DateTime" Precision="7" sap:unicode="false" sap:label="Current Date" sap:creatable="false"
					sap:updatable="false" sap:sortable="false" sap:filterable="false"/><Property Name="CreationTime" Type="Edm.Time" Precision="0" sap:unicode="false" sap:label="Time" sap:creatable="false" sap:updatable="false"
					sap:sortable="false" sap:filterable="false"/><Property Name="CreatedBy" Type="Edm.String" MaxLength="12" sap:unicode="false" sap:label="User Name" sap:creatable="false"
					sap:updatable="false" sap:sortable="false" sap:filterable="false"/><Property Name="ChangeDate" Type="Edm.DateTime" Precision="7" sap:unicode="false" sap:label="Current Date" sap:creatable="false"
					sap:updatable="false" sap:sortable="false" sap:filterable="false"/><Property Name="ChangeTime" Type="Edm.Time" Precision="0" sap:unicode="false" sap:label="Time" sap:creatable="false" sap:updatable="false"
					sap:sortable="false" sap:filterable="false"/><Property Name="ChangedBy" Type="Edm.String" MaxLength="12" sap:unicode="false" sap:label="User Name" sap:creatable="false"
					sap:updatable="false" sap:sortable="false" sap:filterable="false"/><Property Name="ContentType" Type="Edm.String" sap:unicode="false" sap:label="Name" sap:creatable="false" sap:updatable="false"
					sap:sortable="false" sap:filterable="false"/><Property Name="Content" Type="Edm.Binary" sap:unicode="false" sap:label="Binary String" sap:creatable="false" sap:updatable="false"
					sap:sortable="false" sap:filterable="false"/><Property Name="Contents" Type="Edm.String" sap:unicode="false" sap:label="Name" sap:creatable="false" sap:updatable="false"
					sap:sortable="false" sap:filterable="false"/><Property Name="ParentIdx" Type="Edm.String" sap:unicode="false" sap:label="Value" sap:creatable="false" sap:updatable="false"
					sap:sortable="false" sap:filterable="false"/><NavigationProperty Name="Groups" Relationship="/AVELON/BORV_UI5_SRV.BOR2Groups" FromRole="FromRole_BOR2Groups" ToRole="ToRole_BOR2Groups"/></EntityType>
			<EntityType Name="Group" sap:content-version="1">
				<Key><PropertyRef Name="Instid"/><PropertyRef Name="Typeid"/><PropertyRef Name="Catid"/><PropertyRef Name="GroupId"/></Key><Property Name="Collapsed" Type="Edm.String" Nullable="false" MaxLength="1" sap:unicode="false" sap:label="Collapsed" sap:creatable="false"
					sap:updatable="false" sap:sortable="false" sap:filterable="false"/><Property Name="Instid" Type="Edm.String" Nullable="false" MaxLength="70" sap:unicode="false" sap:label="Instance ID" sap:creatable="false"
					sap:updatable="false" sap:sortable="false" sap:filterable="false"/><Property Name="Typeid" Type="Edm.String" Nullable="false" MaxLength="32" sap:unicode="false" sap:label="Object Type" sap:creatable="false"
					sap:updatable="false" sap:sortable="false" sap:filterable="false"/><Property Name="Catid" Type="Edm.String" Nullable="false" MaxLength="2" sap:unicode="false" sap:label="Object Category"
					sap:creatable="false" sap:updatable="false" sap:sortable="false" sap:filterable="false"/><Property Name="GroupType" Type="Edm.String" Nullable="false" MaxLength="2" sap:unicode="false" sap:label="Group Type" sap:creatable="false"
					sap:updatable="false" sap:sortable="false" sap:filterable="false"/><Property Name="GroupId" Type="Edm.String" Nullable="false" MaxLength="10" sap:unicode="false" sap:label="Group ID" sap:creatable="false"
					sap:updatable="false" sap:sortable="false" sap:filterable="false"/><Property Name="Class" Type="Edm.String" Nullable="false" MaxLength="30" sap:unicode="false" sap:label="ObjectTypeName"
					sap:creatable="false" sap:updatable="false" sap:sortable="false" sap:filterable="false"/><Property Name="Method" Type="Edm.String" Nullable="false" MaxLength="61" sap:unicode="false" sap:label="Interface Comp."
					sap:creatable="false" sap:updatable="false" sap:sortable="false" sap:filterable="false"/><Property Name="Sequence" Type="Edm.String" Nullable="false" MaxLength="3" sap:unicode="false" sap:label="Counter" sap:creatable="false"
					sap:updatable="false" sap:sortable="false" sap:filterable="false"/><Property Name="GroupText" Type="Edm.String" Nullable="false" MaxLength="80" sap:unicode="false" sap:label="Description"
					sap:creatable="false" sap:updatable="false" sap:sortable="false" sap:filterable="false"/><Property Name="Active" Type="Edm.Boolean" Nullable="false" sap:unicode="false" sap:label="Indicator" sap:creatable="false"
					sap:updatable="false" sap:sortable="false" sap:filterable="false"/><Property Name="NodeName" Type="Edm.String" Nullable="false" sap:unicode="false" sap:label="Name" sap:creatable="false"
					sap:updatable="false" sap:sortable="false" sap:filterable="false"/><Property Name="NodeValue" Type="Edm.String" Nullable="false" sap:unicode="false" sap:label="Value" sap:creatable="false"
					sap:updatable="false" sap:sortable="false" sap:filterable="false"/><NavigationProperty Name="Subgroups" Relationship="/AVELON/BORV_UI5_SRV.Group2Subgroups" FromRole="FromRole_Group2Subgroups"
					ToRole="ToRole_Group2Subgroups"/><NavigationProperty Name="Items" Relationship="/AVELON/BORV_UI5_SRV.Group2Items" FromRole="FromRole_Group2Items" ToRole="ToRole_Group2Items"/></EntityType>
			<EntityType Name="Item" sap:content-version="1">
				<Key><PropertyRef Name="BORInstid"/><PropertyRef Name="BORTypeid"/><PropertyRef Name="BORCatid"/><PropertyRef Name="ItemInstID"/><PropertyRef Name="ItemTypeid"/><PropertyRef Name="ItemCatid"/><PropertyRef Name="NodeName"/><PropertyRef Name="Group"/></Key><Property Name="BORInstid" Type="Edm.String" Nullable="false" MaxLength="70" sap:unicode="false" sap:label="Instance ID"
					sap:creatable="false" sap:updatable="false" sap:sortable="false" sap:filterable="false"/><Property Name="DeleteAllowed" Type="Edm.String" Nullable="false" MaxLength="1" sap:unicode="false"
					sap:label="Boolean Variable (X=true, -=false, space=unknown)" sap:creatable="false" sap:updatable="false" sap:sortable="false"
					sap:filterable="false"/><Property Name="BORTypeid" Type="Edm.String" Nullable="false" MaxLength="32" sap:unicode="false" sap:label="Object Type"
					sap:creatable="false" sap:updatable="false" sap:sortable="false" sap:filterable="false"/><Property Name="BORCatid" Type="Edm.String" Nullable="false" MaxLength="2" sap:unicode="false" sap:label="Object Category"
					sap:creatable="false" sap:updatable="false" sap:sortable="false" sap:filterable="false"/><Property Name="ItemInstID" Type="Edm.String" Nullable="false" MaxLength="70" sap:unicode="false" sap:label="Item ID" sap:creatable="false"
					sap:updatable="false" sap:sortable="false" sap:filterable="false"/><Property Name="ItemTypeid" Type="Edm.String" Nullable="false" MaxLength="32" sap:unicode="false" sap:label="Object Type"
					sap:creatable="false" sap:updatable="false" sap:sortable="false" sap:filterable="false"/><Property Name="ItemCatid" Type="Edm.String" Nullable="false" MaxLength="2" sap:unicode="false" sap:label="Object Category"
					sap:creatable="false" sap:updatable="false" sap:sortable="false" sap:filterable="false"/><Property Name="NodeName" Type="Edm.String" Nullable="false" sap:unicode="false" sap:label="Name" sap:creatable="false"
					sap:updatable="false" sap:sortable="false" sap:filterable="false"/><Property Name="NodeValue" Type="Edm.String" Nullable="false" sap:unicode="false" sap:label="Value" sap:creatable="false"
					sap:updatable="false" sap:sortable="false" sap:filterable="false"/><Property Name="NaviUrl" Type="Edm.String" sap:unicode="false" sap:label="URL (As Specified by Browser)" sap:creatable="false"
					sap:updatable="false" sap:sortable="false" sap:filterable="false"/><Property Name="CreationDate" Type="Edm.DateTime" Precision="7" sap:unicode="false" sap:label="Current Date" sap:creatable="false"
					sap:updatable="false" sap:sortable="false" sap:filterable="false"/><Property Name="CreationTime" Type="Edm.Time" Precision="0" sap:unicode="false" sap:label="Time" sap:creatable="false" sap:updatable="false"
					sap:sortable="false" sap:filterable="false"/><Property Name="CreatedBy" Type="Edm.String" MaxLength="12" sap:unicode="false" sap:label="User Name" sap:creatable="false"
					sap:updatable="false" sap:sortable="false" sap:filterable="false"/><Property Name="ChangeDate" Type="Edm.DateTime" Precision="7" sap:unicode="false" sap:label="Current Date" sap:creatable="false"
					sap:updatable="false" sap:sortable="false" sap:filterable="false"/><Property Name="ChangeTime" Type="Edm.Time" Precision="0" sap:unicode="false" sap:label="Time" sap:creatable="false" sap:updatable="false"
					sap:sortable="false" sap:filterable="false"/><Property Name="ChangedBy" Type="Edm.String" MaxLength="12" sap:unicode="false" sap:label="User Name" sap:creatable="false"
					sap:updatable="false" sap:sortable="false" sap:filterable="false"/><Property Name="ContentType" Type="Edm.String" sap:unicode="false" sap:label="Name" sap:creatable="false" sap:updatable="false"
					sap:sortable="false" sap:filterable="false"/><Property Name="Content" Type="Edm.Binary" sap:unicode="false" sap:label="Binary String" sap:creatable="false" sap:updatable="false"
					sap:sortable="false" sap:filterable="false"/><Property Name="Contents" Type="Edm.String" sap:unicode="false" sap:label="Name" sap:creatable="false" sap:updatable="false"
					sap:sortable="false" sap:filterable="false"/><Property Name="ParentIdx" Type="Edm.String" sap:unicode="false" sap:label="Value" sap:creatable="false" sap:updatable="false"
					sap:sortable="false" sap:filterable="false"/><Property Name="Group" Type="Edm.String" Nullable="false" MaxLength="10" sap:unicode="false" sap:label="Group ID" sap:creatable="false"
					sap:updatable="false" sap:sortable="false" sap:filterable="false"/><Property Name="Subgroup" Type="Edm.String" Nullable="false" MaxLength="80" sap:unicode="false" sap:label="Description"
					sap:creatable="false" sap:updatable="false" sap:sortable="false" sap:filterable="false"/></EntityType>
			<EntityType Name="BORSearchFields" sap:content-version="1">
				<Key><PropertyRef Name="BORType"/><PropertyRef Name="Keyfield"/></Key><Property Name="BORType" Type="Edm.String" Nullable="false" sap:unicode="false" sap:creatable="false" sap:updatable="false"
					sap:sortable="false" sap:filterable="false"/><Property Name="Keyfield" Type="Edm.String" Nullable="false" sap:unicode="false" sap:creatable="false" sap:updatable="false"
					sap:sortable="false" sap:filterable="false"/><Property Name="description" Type="Edm.String" Nullable="false" sap:unicode="false" sap:creatable="false" sap:updatable="false"
					sap:sortable="false" sap:filterable="false"/><Property Name="option" Type="Edm.String" Nullable="false" sap:unicode="false" sap:creatable="false" sap:updatable="false"
					sap:sortable="false" sap:filterable="false"/><Property Name="low" Type="Edm.String" Nullable="false" sap:unicode="false" sap:creatable="false" sap:updatable="false" sap:sortable="false"
					sap:filterable="false"/><Property Name="high" Type="Edm.String" Nullable="false" sap:unicode="false" sap:creatable="false" sap:updatable="false"
					sap:sortable="false" sap:filterable="false"/></EntityType>
			<EntityType Name="BORType" sap:content-version="1">
				<Key><PropertyRef Name="Type"/></Key><Property Name="Type" Type="Edm.String" Nullable="false" sap:unicode="false" sap:creatable="false" sap:updatable="false"
					sap:sortable="false" sap:filterable="false"/><Property Name="Language" Type="Edm.String" Nullable="false" sap:unicode="false" sap:creatable="false" sap:updatable="false"
					sap:sortable="false" sap:filterable="false"/><Property Name="Desc" Type="Edm.String" Nullable="false" sap:unicode="false" sap:creatable="false" sap:updatable="false"
					sap:sortable="false" sap:filterable="false"/><NavigationProperty Name="BORType2SearchField" Relationship="/AVELON/BORV_UI5_SRV.BORType2SearchField"
					FromRole="FromRole_BORType2SearchField" ToRole="ToRole_BORType2SearchField"/></EntityType>
			<EntityType Name="BORSearchResult" sap:content-version="1">
				<Key><PropertyRef Name="CATID"/><PropertyRef Name="TYPEID"/><PropertyRef Name="INSTID"/></Key><Property Name="CATID" Type="Edm.String" Nullable="false" sap:unicode="false" sap:creatable="false" sap:updatable="false"
					sap:sortable="false"/><Property Name="TYPEID" Type="Edm.String" Nullable="false" sap:unicode="false" sap:creatable="false" sap:updatable="false"
					sap:sortable="false"/><Property Name="INSTID" Type="Edm.String" Nullable="false" sap:unicode="false" sap:creatable="false" sap:updatable="false"
					sap:sortable="false"/><Property Name="JSONContent" Type="Edm.String" Nullable="false" sap:unicode="false" sap:creatable="false" sap:updatable="false"
					sap:sortable="false"/></EntityType>
			<EntityType Name="Note" sap:content-version="1">
				<Key><PropertyRef Name="NoteTitle"/></Key><Property Name="ItemInstId" Type="Edm.String" Nullable="false" sap:unicode="false" sap:creatable="false" sap:updatable="false"
					sap:sortable="false" sap:filterable="false"/><Property Name="Operation" Type="Edm.String" Nullable="false" sap:unicode="false" sap:creatable="false" sap:updatable="false"
					sap:sortable="false" sap:filterable="false"/><Property Name="InstId" Type="Edm.String" Nullable="false" sap:unicode="false" sap:creatable="false" sap:updatable="false"
					sap:sortable="false" sap:filterable="false"/><Property Name="TypeId" Type="Edm.String" Nullable="false" sap:unicode="false" sap:creatable="false" sap:updatable="false"
					sap:sortable="false" sap:filterable="false"/><Property Name="CatId" Type="Edm.String" Nullable="false" sap:unicode="false" sap:creatable="false" sap:updatable="false"
					sap:sortable="false" sap:filterable="false"/><Property Name="NoteText" Type="Edm.String" Nullable="false" sap:unicode="false" sap:updatable="false" sap:sortable="false"
					sap:filterable="false"/><Property Name="NoteTitle" Type="Edm.String" Nullable="false" sap:unicode="false" sap:updatable="false" sap:sortable="false"
					sap:filterable="false"/></EntityType>
			<EntityType Name="Attachment" sap:content-version="1">
				<Key><PropertyRef Name="TypeId"/><PropertyRef Name="CatId"/><PropertyRef Name="InstId"/></Key><Property Name="FileContent" Type="Edm.String" Nullable="false" sap:unicode="false" sap:creatable="false" sap:updatable="false"
					sap:sortable="false" sap:filterable="false"/><Property Name="FileName" Type="Edm.String" Nullable="false" sap:unicode="false" sap:creatable="false" sap:updatable="false"
					sap:sortable="false" sap:filterable="false"/><Property Name="TypeId" Type="Edm.String" Nullable="false" sap:unicode="false" sap:creatable="false" sap:updatable="false"
					sap:sortable="false" sap:filterable="false"/><Property Name="CatId" Type="Edm.String" Nullable="false" sap:unicode="false" sap:creatable="false" sap:updatable="false"
					sap:sortable="false" sap:filterable="false"/><Property Name="InstId" Type="Edm.String" Nullable="false" sap:unicode="false" sap:creatable="false" sap:updatable="false"
					sap:sortable="false" sap:filterable="false"/></EntityType>
			<EntityType Name="ExtDocURL" sap:content-version="1">
				<Key><PropertyRef Name="InstId"/><PropertyRef Name="TypeId"/><PropertyRef Name="CatId"/></Key><Property Name="ItemInstId" Type="Edm.String" Nullable="false" sap:unicode="false" sap:creatable="false" sap:updatable="false"
					sap:sortable="false" sap:filterable="false"/><Property Name="Operation" Type="Edm.String" Nullable="false" sap:unicode="false" sap:creatable="false" sap:updatable="false"
					sap:sortable="false" sap:filterable="false"/><Property Name="InstId" Type="Edm.String" Nullable="false" sap:unicode="false" sap:creatable="false" sap:updatable="false"
					sap:sortable="false" sap:filterable="false"/><Property Name="TypeId" Type="Edm.String" Nullable="false" sap:unicode="false" sap:creatable="false" sap:updatable="false"
					sap:sortable="false" sap:filterable="false"/><Property Name="CatId" Type="Edm.String" Nullable="false" sap:unicode="false" sap:creatable="false" sap:updatable="false"
					sap:sortable="false" sap:filterable="false"/><Property Name="Title" Type="Edm.String" Nullable="false" sap:unicode="false" sap:updatable="false" sap:sortable="false"
					sap:filterable="false"/><Property Name="Url" Type="Edm.String" Nullable="false" sap:unicode="false" sap:updatable="false" sap:sortable="false"
					sap:filterable="false"/></EntityType>
			<EntityType Name="Subgroup" sap:content-version="1">
				<Key><PropertyRef Name="GroupId"/><PropertyRef Name="GroupText"/><PropertyRef Name="Instid"/><PropertyRef Name="Typeid"/><PropertyRef Name="Catid"/></Key><Property Name="Mandt" Type="Edm.String" Nullable="false" MaxLength="3" sap:unicode="false" sap:label="Client" sap:creatable="false"
					sap:updatable="false" sap:sortable="false" sap:filterable="false"/><Property Name="GroupType" Type="Edm.String" Nullable="false" MaxLength="2" sap:unicode="false" sap:label="Group Type" sap:creatable="false"
					sap:updatable="false" sap:sortable="false" sap:filterable="false"/><Property Name="GroupId" Type="Edm.String" Nullable="false" MaxLength="10" sap:unicode="false" sap:label="Group ID" sap:creatable="false"
					sap:updatable="false" sap:sortable="false" sap:filterable="false"/><Property Name="Class" Type="Edm.String" Nullable="false" MaxLength="30" sap:unicode="false" sap:label="ObjectTypeName"
					sap:creatable="false" sap:updatable="false" sap:sortable="false" sap:filterable="false"/><Property Name="Method" Type="Edm.String" Nullable="false" MaxLength="61" sap:unicode="false" sap:label="Interface Comp."
					sap:creatable="false" sap:updatable="false" sap:sortable="false" sap:filterable="false"/><Property Name="Sequence" Type="Edm.String" Nullable="false" MaxLength="3" sap:unicode="false" sap:label="Counter" sap:creatable="false"
					sap:updatable="false" sap:sortable="false" sap:filterable="false"/><Property Name="GroupText" Type="Edm.String" Nullable="false" MaxLength="80" sap:unicode="false" sap:label="Description"
					sap:creatable="false" sap:updatable="false" sap:sortable="false" sap:filterable="false"/><Property Name="Active" Type="Edm.Boolean" Nullable="false" sap:unicode="false" sap:label="Indicator" sap:creatable="false"
					sap:updatable="false" sap:sortable="false" sap:filterable="false"/><Property Name="Collapsed" Type="Edm.Boolean" Nullable="false" sap:unicode="false" sap:label="Collapsed" sap:creatable="false"
					sap:updatable="false" sap:sortable="false" sap:filterable="false"/><Property Name="Instid" Type="Edm.String" Nullable="false" MaxLength="70" sap:unicode="false" sap:label="Instance ID" sap:creatable="false"
					sap:updatable="false" sap:sortable="false" sap:filterable="false"/><Property Name="Typeid" Type="Edm.String" Nullable="false" MaxLength="32" sap:unicode="false" sap:label="Object Type" sap:creatable="false"
					sap:updatable="false" sap:sortable="false" sap:filterable="false"/><Property Name="Catid" Type="Edm.String" Nullable="false" MaxLength="2" sap:unicode="false" sap:label="Object Category"
					sap:creatable="false" sap:updatable="false" sap:sortable="false" sap:filterable="false"/><Property Name="NaviType" Type="Edm.String" Nullable="false" MaxLength="1" sap:unicode="false" sap:label="Navigation Type"
					sap:creatable="false" sap:updatable="false" sap:sortable="false" sap:filterable="false"/><Property Name="NaviUrl" Type="Edm.String" Nullable="false" sap:unicode="false" sap:label="URL (As Specified by Browser)"
					sap:creatable="false" sap:updatable="false" sap:sortable="false" sap:filterable="false"/><NavigationProperty Name="Items" Relationship="/AVELON/BORV_UI5_SRV.Subgroup2Items" FromRole="FromRole_Subgroup2Items"
					ToRole="ToRole_Subgroup2Items"/></EntityType>
			<EntityType Name="GeneralInfo" sap:content-version="1">
				<Key><PropertyRef Name="Uname"/></Key><Property Name="GuiActive" Type="Edm.String" Nullable="false" sap:unicode="false" sap:label="gui active" sap:creatable="false"
					sap:updatable="false" sap:sortable="false" sap:filterable="false"/><Property Name="Langu" Type="Edm.String" Nullable="false" sap:unicode="false" sap:label="System language" sap:creatable="false"
					sap:updatable="false" sap:sortable="false" sap:filterable="false"/><Property Name="Mandt" Type="Edm.String" Nullable="false" sap:unicode="false" sap:label="Client id" sap:creatable="false"
					sap:updatable="false" sap:sortable="false" sap:filterable="false"/><Property Name="SystId" Type="Edm.String" Nullable="false" sap:unicode="false" sap:label="System id" sap:creatable="false"
					sap:updatable="false" sap:sortable="false" sap:filterable="false"/><Property Name="Uname" Type="Edm.String" Nullable="false" MaxLength="12" sap:unicode="false" sap:label="User Name" sap:creatable="false"
					sap:updatable="false" sap:sortable="false" sap:filterable="false"/></EntityType>
			<Association Name="BOR2Groups" sap:content-version="1"><End Type="/AVELON/BORV_UI5_SRV.BOR" Multiplicity="*" Role="FromRole_BOR2Groups"/><End Type="/AVELON/BORV_UI5_SRV.Group" Multiplicity="*" Role="ToRole_BOR2Groups"/>
				<ReferentialConstraint>
					<Principal Role="FromRole_BOR2Groups"><PropertyRef Name="Instid"/><PropertyRef Name="Typeid"/><PropertyRef Name="Catid"/></Principal>
					<Dependent Role="ToRole_BOR2Groups"><PropertyRef Name="Instid"/><PropertyRef Name="Typeid"/><PropertyRef Name="Catid"/></Dependent>
				</ReferentialConstraint>
			</Association>
			<Association Name="Group2Items" sap:content-version="1"><End Type="/AVELON/BORV_UI5_SRV.Group" Multiplicity="*" Role="FromRole_Group2Items"/><End Type="/AVELON/BORV_UI5_SRV.Item" Multiplicity="*" Role="ToRole_Group2Items"/>
				<ReferentialConstraint>
					<Principal Role="FromRole_Group2Items"><PropertyRef Name="GroupId"/><PropertyRef Name="Typeid"/><PropertyRef Name="Instid"/><PropertyRef Name="Catid"/></Principal>
					<Dependent Role="ToRole_Group2Items"><PropertyRef Name="Group"/><PropertyRef Name="BORTypeid"/><PropertyRef Name="BORInstid"/><PropertyRef Name="BORCatid"/></Dependent>
				</ReferentialConstraint>
			</Association>
			<Association Name="Group2Subgroups" sap:content-version="1"><End Type="/AVELON/BORV_UI5_SRV.Group" Multiplicity="*" Role="FromRole_Group2Subgroups"/><End Type="/AVELON/BORV_UI5_SRV.Subgroup" Multiplicity="*" Role="ToRole_Group2Subgroups"/>
				<ReferentialConstraint>
					<Principal Role="FromRole_Group2Subgroups"><PropertyRef Name="Instid"/><PropertyRef Name="Typeid"/><PropertyRef Name="GroupId"/><PropertyRef Name="Catid"/></Principal>
					<Dependent Role="ToRole_Group2Subgroups"><PropertyRef Name="Instid"/><PropertyRef Name="Typeid"/><PropertyRef Name="GroupId"/><PropertyRef Name="Catid"/></Dependent>
				</ReferentialConstraint>
			</Association>
			<Association Name="BORType2SearchField" sap:content-version="1"><End Type="/AVELON/BORV_UI5_SRV.BORType" Multiplicity="1" Role="FromRole_BORType2SearchField"/><End Type="/AVELON/BORV_UI5_SRV.BORSearchFields" Multiplicity="*" Role="ToRole_BORType2SearchField"/>
				<ReferentialConstraint>
					<Principal Role="FromRole_BORType2SearchField"><PropertyRef Name="Type"/></Principal>
					<Dependent Role="ToRole_BORType2SearchField"><PropertyRef Name="BORType"/></Dependent>
				</ReferentialConstraint>
			</Association>
			<Association Name="Subgroup2Items" sap:content-version="1"><End Type="/AVELON/BORV_UI5_SRV.Subgroup" Multiplicity="*" Role="FromRole_Subgroup2Items"/><End Type="/AVELON/BORV_UI5_SRV.Item" Multiplicity="*" Role="ToRole_Subgroup2Items"/>
				<ReferentialConstraint>
					<Principal Role="FromRole_Subgroup2Items"><PropertyRef Name="GroupId"/><PropertyRef Name="Typeid"/><PropertyRef Name="Instid"/><PropertyRef Name="GroupText"/><PropertyRef Name="Catid"/></Principal>
					<Dependent Role="ToRole_Subgroup2Items"><PropertyRef Name="Group"/><PropertyRef Name="BORInstid"/><PropertyRef Name="BORInstid"/><PropertyRef Name="Subgroup"/><PropertyRef Name="BORCatid"/></Dependent>
				</ReferentialConstraint>
			</Association>
			<EntityContainer Name="/AVELON/BORV_UI5_SRV_Entities" m:IsDefaultEntityContainer="true" sap:supported-formats="atom json xlsx"><EntitySet Name="BOR" EntityType="/AVELON/BORV_UI5_SRV.BOR" sap:creatable="false" sap:updatable="false" sap:deletable="false"
				sap:searchable="true" sap:pageable="false" sap:content-version="1"/><EntitySet Name="Groups" EntityType="/AVELON/BORV_UI5_SRV.Group" sap:creatable="false" sap:updatable="false" sap:deletable="false"
				sap:pageable="false" sap:content-version="1"/><EntitySet Name="Items" EntityType="/AVELON/BORV_UI5_SRV.Item" sap:updatable="false" sap:deletable="false" sap:pageable="false"
				sap:content-version="1"/><EntitySet Name="BORSearchFieldsSet" EntityType="/AVELON/BORV_UI5_SRV.BORSearchFields" sap:creatable="false" sap:updatable="false"
				sap:deletable="false" sap:pageable="false" sap:content-version="1"/><EntitySet Name="BORTypeSet" EntityType="/AVELON/BORV_UI5_SRV.BORType" sap:creatable="false" sap:updatable="false" sap:deletable="false"
				sap:pageable="false" sap:content-version="1"/><EntitySet Name="BORSearchResultSet" EntityType="/AVELON/BORV_UI5_SRV.BORSearchResult" sap:creatable="false" sap:updatable="false"
				sap:deletable="false" sap:searchable="true" sap:pageable="false" sap:requires-filter="true" sap:content-version="1"/><EntitySet Name="NoteSet" EntityType="/AVELON/BORV_UI5_SRV.Note" sap:updatable="false" sap:deletable="false" sap:pageable="false"
				sap:content-version="1"/><EntitySet Name="AttachmentSet" EntityType="/AVELON/BORV_UI5_SRV.Attachment" sap:updatable="false" sap:deletable="false"
				sap:pageable="false" sap:content-version="1"/><EntitySet Name="ExtDocURLSet" EntityType="/AVELON/BORV_UI5_SRV.ExtDocURL" sap:creatable="false" sap:updatable="false" sap:deletable="false"
				sap:pageable="false" sap:addressable="false" sap:content-version="1"/><EntitySet Name="Subgroups" EntityType="/AVELON/BORV_UI5_SRV.Subgroup" sap:creatable="false" sap:updatable="false" sap:deletable="false"
				sap:pageable="false" sap:content-version="1"/><EntitySet Name="GeneralInfoSet" EntityType="/AVELON/BORV_UI5_SRV.GeneralInfo" sap:creatable="false" sap:updatable="false"
				sap:deletable="false" sap:pageable="false" sap:addressable="false" sap:content-version="1"/>
				<AssociationSet Name="BORType2SearchFieldSet" Association="/AVELON/BORV_UI5_SRV.BORType2SearchField" sap:creatable="false"
					sap:updatable="false" sap:deletable="false" sap:content-version="1"><End EntitySet="BORTypeSet" Role="FromRole_BORType2SearchField"/><End EntitySet="BORSearchFieldsSet" Role="ToRole_BORType2SearchField"/></AssociationSet>
				<AssociationSet Name="BOR2Groups_AssocSet" Association="/AVELON/BORV_UI5_SRV.BOR2Groups" sap:creatable="false" sap:updatable="false"
					sap:deletable="false" sap:content-version="1"><End EntitySet="BOR" Role="FromRole_BOR2Groups"/><End EntitySet="Groups" Role="ToRole_BOR2Groups"/></AssociationSet>
				<AssociationSet Name="Group2Items_AssocSet" Association="/AVELON/BORV_UI5_SRV.Group2Items" sap:creatable="false" sap:updatable="false"
					sap:deletable="false" sap:content-version="1"><End EntitySet="Groups" Role="FromRole_Group2Items"/><End EntitySet="Items" Role="ToRole_Group2Items"/></AssociationSet>
				<AssociationSet Name="Group2Subgroups_AssocSet" Association="/AVELON/BORV_UI5_SRV.Group2Subgroups" sap:creatable="false"
					sap:updatable="false" sap:deletable="false" sap:content-version="1"><End EntitySet="Groups" Role="FromRole_Group2Subgroups"/><End EntitySet="Subgroups" Role="ToRole_Group2Subgroups"/></AssociationSet>
				<AssociationSet Name="Subgroup2Items_AssocSet" Association="/AVELON/BORV_UI5_SRV.Subgroup2Items" sap:creatable="false" sap:updatable="false"
					sap:deletable="false" sap:content-version="1"><End EntitySet="Subgroups" Role="FromRole_Subgroup2Items"/><End EntitySet="Items" Role="ToRole_Subgroup2Items"/></AssociationSet>
				<FunctionImport Name="DELETE_ATTACHMENT" ReturnType="/AVELON/BORV_UI5_SRV.Attachment" EntitySet="AttachmentSet" m:HttpMethod="GET"><Parameter Name="CATID" Type="Edm.String" Mode="In"/><Parameter Name="INSTID" Type="Edm.String" Mode="In"/><Parameter Name="BORINSTID" Type="Edm.String" Mode="In"/><Parameter Name="BORTYPEID" Type="Edm.String" Mode="In"/><Parameter Name="ITEMFOLDERID" Type="Edm.String" Mode="In"/><Parameter Name="ITEMOBJECTID" Type="Edm.String" Mode="In"/></FunctionImport>
			</EntityContainer><atom:link xmlns:atom="http://www.w3.org/2005/Atom" rel="self"
				href="http://AVELON07.AVELON.NL:8016/sap/opu/odata/avelon/BORV_UI5_SRV/$metadata"/><atom:link xmlns:atom="http://www.w3.org/2005/Atom" rel="latest-version"
				href="http://AVELON07.AVELON.NL:8016/sap/opu/odata/avelon/BORV_UI5_SRV/$metadata"/></Schema>
	</edmx:DataServices>
</edmx:Edmx>