<core:FragmentDefinition xmlns="sap.m"
	xmlns:core="sap.ui.core" xmlns:ECV="be.avelon.ecvsidepanel.control"
	xmlns:template="http://schemas.sap.com/sapui5/extension/sap.ui.core.template/1">
	
	<!--*************************************Groups*************************** -->
	<Panel expandable="true" expanded="{= ${Collapsed} === ''}"
		class="sapUiSmallMarginBegin mySpacing">
		<headerToolbar>
			<Toolbar class="ecvToolbar">
				<content>

					<core:Icon src="sap-icon://private" color="#666666"
						visible="{= ${GroupId} === 'PERSNOTE'}" />
					<core:Icon src="sap-icon://notes" color="#666666"
						visible="{= ${GroupId} === 'NOTES'}" />
					<core:Icon src="sap-icon://chain-link" color="#666666"
						visible="{= ${GroupId} === 'LINKS'}" />
					<core:Icon src="sap-icon://attachment" color="#666666"
						visible="{= ${GroupId} === 'ARCHIVELNK'}" />
					<core:Icon src="sap-icon://business-objects-explorer"
						color="#666666" visible="{= ${GroupId} === 'SAPOBJECTS'}" />
					<core:Icon src="sap-icon://workflow-tasks"
						color="#666666" visible="{= ${GroupId} === 'SAPBWF'}" />

					<Text text="{GroupText}" />
				</content>
			</Toolbar>
		</headerToolbar>
		<content>

			<core:Fragment
				fragmentName="be.avelon.ecvsidepanel.fragment.Subgroup" type="XML" />
			<core:Fragment
				fragmentName="be.avelon.ecvsidepanel.fragment.Item" type="XML" />

		</content>
	</Panel>
	<!--*************************************/Groups*************************** -->
</core:FragmentDefinition>